N_MEASUREMENT,LATITUDE,LONGITUDE
0,20.07,-60.158
2,20.074,-60.161
3,20.073,-60.16399999999999
4,20.079,-60.16500000000002
5,20.079,-60.173
56,20.13,-60.13999999999999
57,20.13,-60.13999999999999
58,20.137,-60.13999999999999
59,20.137,-60.146000000000015
60,20.135,-60.14499999999998
61,20.134,-60.142
62,20.139,-60.15199999999999
63,20.144,-60.14999999999998
64,20.149,-60.15300000000002
65,20.147,-60.156000000000006
66,20.151,-60.158000000000015
67,20.148,-60.15899999999999
68,20.152,-60.166
69,20.155,-60.173
133,20.212,-59.99200000000002
134,20.211,-59.99599999999998
135,20.212,-59.99599999999998
136,20.212,-60.000999999999976
137,20.214,-60.00299999999999
138,20.212,-60.005
139,20.217,-60.01100000000002
140,20.219,-60.005
141,20.218,-60.00999999999999
142,20.217,-60.012
143,20.222,-60.01600000000002
144,20.228,-60.01999999999998
145,20.233,-60.02800000000002
210,20.16,-59.80399999999997
211,20.161,-59.80599999999998
212,20.153,-59.809000000000026
213,20.157,-59.80799999999999
214,20.154,-59.807000000000016
215,20.148,-59.81200000000001
216,20.149,-59.81599999999997
217,20.151,-59.81200000000001
218,20.141,-59.82400000000001
219,20.126,-59.82499999999999
285,19.923,-59.69900000000001
286,19.917,-59.69999999999999
287,19.916,-59.70400000000001
288,19.914,-59.704999999999984
289,19.909,-59.71100000000001
290,19.906,-59.70999999999998
291,19.905,-59.71300000000002
292,19.897,-59.71699999999999
293,19.894,-59.72399999999999
294,19.888,-59.73000000000002
295,19.881,-59.731
296,19.881,-59.743
362,19.652,-59.72300000000001
363,19.656,-59.71699999999999
364,19.642,-59.71600000000001
365,19.641,-59.72800000000001
366,19.646,-59.71699999999999
367,19.644,-59.702
368,19.645,-59.707
369,19.642,-59.70999999999998
370,19.642,-59.71199999999999
371,19.645,-59.707
372,19.645,-59.702999999999975
373,19.647,-59.69499999999999
374,19.647,-59.68900000000002
375,19.651,-59.68900000000002
440,19.469,-59.747000000000014
441,19.467,-59.75
442,19.477,-59.750999999999976
443,19.473,-59.75299999999999
444,19.475,-59.75200000000001
445,19.481,-59.75299999999999
446,19.484,-59.75799999999998
447,19.487,-59.75799999999998
448,19.495,-59.75799999999998
449,19.501,-59.757000000000005
450,19.508,-59.757000000000005
515,19.395,-59.83800000000002
516,19.394,-59.829999999999984
517,19.395,-59.827999999999975
518,19.404,-59.82600000000002
519,19.404,-59.82600000000002
520,19.407,-59.82400000000001
521,19.419,-59.81599999999997
522,19.418,-59.81599999999997
523,19.427,-59.81099999999998
524,19.434,-59.80500000000001
525,19.441,-59.80500000000001
590,19.37,-59.81700000000001
591,19.368,-59.81700000000001
592,19.368,-59.815
593,19.372,-59.809000000000026
594,19.367,-59.81200000000001
595,19.368,-59.807000000000016
596,19.366,-59.80399999999997
597,19.371,-59.807000000000016
598,19.372,-59.81
599,19.371,-59.80799999999999
600,19.374,-59.80099999999999
601,19.376,-59.80500000000001
666,19.347,-59.73200000000003
667,19.35,-59.72500000000002
668,19.354,-59.721
669,19.347,-59.72199999999998
670,19.346,-59.71300000000002
671,19.347,-59.70999999999998
672,19.344,-59.709
673,19.346,-59.70400000000001
674,19.347,-59.704999999999984
675,19.344,-59.69999999999999
676,19.342,-59.69400000000002
677,19.339,-59.68599999999998
678,19.334,-59.685
743,19.242,-59.53399999999999
744,19.241,-59.54000000000002
745,19.233,-59.541
746,19.227,-59.53899999999999
747,19.226,-59.545000000000016
748,19.22,-59.547000000000025
749,19.217,-59.548
750,19.215,-59.54899999999998
751,19.211,-59.55399999999997
752,19.212,-59.55000000000001
753,19.209,-59.55000000000001
754,19.206,-59.547000000000025
819,19.046,-59.38299999999998
820,19.045,-59.384000000000015
821,19.043,-59.382000000000005
822,19.04,-59.384000000000015
823,19.039,-59.384000000000015
824,19.037,-59.382000000000005
825,19.036,-59.387
826,19.037,-59.38900000000001
827,19.033,-59.38900000000001
828,19.032,-59.392
829,19.031,-59.396000000000015
894,18.804,-59.238
895,18.802,-59.238
896,18.796,-59.245000000000005
897,18.793,-59.250999999999976
898,18.792,-59.25299999999999
899,18.79,-59.24799999999999
900,18.789,-59.24599999999998
901,18.787,-59.250999999999976
902,18.784,-59.247000000000014
903,18.779,-59.24900000000002
904,18.777,-59.24799999999999
905,18.769,-59.24599999999998
906,18.762,-59.250999999999976
971,18.593,-59.12400000000002
972,18.605,-59.11500000000001
973,18.6,-59.108
974,18.644,-59.06999999999999
975,18.665,-59.072
976,18.659,-59.059000000000026
977,18.69,-59.02999999999997
978,18.704,-59.007000000000005
979,18.7,-59.009000000000015
980,18.706,-58.98200000000003
981,18.714,-58.93900000000002
982,18.717,-58.918000000000006
1047,18.515,-58.77999999999997
1048,18.507,-58.77999999999997
1049,18.502,-58.76799999999997
1050,18.495,-58.75999999999999
1051,18.489,-58.75799999999998
1052,18.484,-58.74599999999998
1053,18.478,-58.74599999999998
1054,18.475,-58.74000000000001
1055,18.465,-58.74000000000001
1056,18.451,-58.73599999999999
1057,18.439,-58.733
1123,18.332,-58.74599999999998
1124,18.333,-58.75
1125,18.334,-58.74799999999999
1126,18.334,-58.755
1127,18.337,-58.757000000000005
1128,18.341,-58.75599999999997
1129,18.342,-58.76600000000002
1130,18.348,-58.76400000000001
1131,18.351,-58.76999999999998
1132,18.353,-58.771000000000015
1133,18.353,-58.769000000000005
1134,18.358,-58.77499999999998
1198,18.298,-58.82900000000001
1199,18.294,-58.83499999999998
1200,18.295,-58.834
1201,18.295,-58.83499999999998
1202,18.294,-58.839
1203,18.296,-58.839999999999975
1204,18.296,-58.84300000000002
1205,18.298,-58.84500000000003
1206,18.298,-58.844
1207,18.298,-58.84899999999999
1208,18.296,-58.851
1209,18.298,-58.856
1210,18.292,-58.86500000000001
1275,18.263,-58.90300000000002
1276,18.266,-58.90199999999999
1277,18.271,-58.90100000000001
1278,18.279,-58.906000000000006
1279,18.28,-58.910000000000025
1280,18.284,-58.911
1281,18.29,-58.918000000000006
1282,18.294,-58.91500000000002
1283,18.298,-58.92099999999999
1284,18.303,-58.92500000000001
1285,18.306,-58.916
1286,18.305,-58.911
1352,18.22,-58.92399999999998
1353,18.221,-58.92399999999998
1354,18.227,-58.92399999999998
1355,18.227,-58.923
1356,18.229,-58.922000000000025
1357,18.231,-58.920000000000016
1358,18.231,-58.920000000000016
1359,18.235,-58.91899999999998
1360,18.237,-58.91699999999997
1361,18.242,-58.91500000000002
1362,18.236,-58.92099999999999
1428,18.202,-58.88600000000002
1429,18.204,-58.88999999999999
1430,18.198,-58.898000000000025
1431,18.201,-58.894000000000005
1432,18.202,-58.894000000000005
1433,18.201,-58.89999999999998
1434,18.201,-58.90199999999999
1435,18.2,-58.90499999999997
1436,18.202,-58.90699999999998
1437,18.204,-58.90699999999998
1438,18.206,-58.91500000000002
1439,18.205,-58.91300000000001
1440,18.207,-58.91899999999998
1505,18.213,-59.05099999999999
1506,18.213,-59.04899999999998
1507,18.212,-59.047000000000025
1508,18.213,-59.04199999999997
1509,18.213,-59.041
1510,18.213,-59.04000000000002
1511,18.213,-59.03399999999999
1512,18.214,-59.031000000000006
1513,18.219,-59.031000000000006
1514,18.216,-59.035000000000025
1515,18.216,-59.02999999999997
1516,18.218,-59.03399999999999
1582,18.265,-59.094
1583,18.268,-59.09500000000003
1584,18.271,-59.08499999999998
1585,18.283,-59.09199999999999
1586,18.283,-59.096
1587,18.289,-59.07600000000002
1588,18.291,-59.084
1589,18.295,-59.08300000000003
1590,18.298,-59.07499999999999
1591,18.298,-59.07400000000001
1592,18.298,-59.072
1593,18.3,-59.07499999999999
1594,18.299,-59.06700000000001
1595,18.303,-59.06299999999999
1660,18.427,-59.170000000000016
1661,18.424,-59.16899999999998
1662,18.426,-59.16699999999997
1663,18.415,-59.17899999999997
1664,18.414,-59.18000000000001
1665,18.41,-59.185
1666,18.408,-59.185
1667,18.406,-59.19200000000001
1668,18.4,-59.197
1669,18.402,-59.196000000000026
1670,18.395,-59.202999999999975
1671,18.391,-59.21199999999999
1735,18.536,-59.368
1736,18.533,-59.37299999999999
1737,18.529,-59.37700000000001
1738,18.529,-59.37700000000001
1739,18.528,-59.38
1740,18.522,-59.387
1741,18.524,-59.387
1742,18.525,-59.38999999999999
1743,18.523,-59.394000000000005
1744,18.526,-59.39999999999998
1745,18.525,-59.40699999999998
1746,18.536,-59.41899999999998
1812,18.699,-59.565
1813,18.7,-59.565
1814,18.696,-59.56099999999998
1815,18.694,-59.56900000000002
1816,18.695,-59.557000000000016
1817,18.691,-59.553
1818,18.691,-59.55399999999997
1819,18.69,-59.55000000000001
1820,18.687,-59.547000000000025
1821,18.68,-59.54599999999999
1887,18.887,-59.65199999999999
1888,18.887,-59.649
1889,18.888,-59.65899999999999
1890,18.892,-59.66199999999998
1891,18.892,-59.67099999999999
1892,18.892,-59.673
1893,18.892,-59.678
1894,18.89,-59.69499999999999
1895,18.893,-59.68599999999998
1896,18.896,-59.697
1897,18.895,-59.704999999999984
1898,18.899,-59.70600000000002
1899,18.904,-59.714999999999975
1900,18.907,-59.72399999999999
1965,19.091,-59.769000000000005
1966,19.089,-59.77800000000002
1967,19.09,-59.774
1968,19.09,-59.773000000000025
1969,19.088,-59.77499999999998
1970,19.084,-59.77600000000001
1971,19.09,-59.781000000000006
1972,19.084,-59.779
1973,19.08,-59.781000000000006
1974,19.077,-59.783000000000015
1975,19.071,-59.785000000000025
2040,19.242,-59.757000000000005
2041,19.241,-59.75599999999997
2042,19.244,-59.75400000000002
2043,19.244,-59.75299999999999
2044,19.245,-59.75200000000001
2045,19.246,-59.75
2046,19.245,-59.75299999999999
2047,19.243,-59.74599999999998
2048,19.246,-59.74599999999998
2049,19.247,-59.74400000000003
2050,19.244,-59.73700000000002
2051,19.245,-59.738999999999976
2052,19.243,-59.74099999999999
2118,19.324,-59.601999999999975
2119,19.336,-59.601999999999975
2120,19.338,-59.601999999999975
2121,19.336,-59.59500000000003
2122,19.343,-59.59199999999999
2123,19.346,-59.59500000000003
2124,19.348,-59.59699999999998
2125,19.352,-59.59500000000003
2126,19.356,-59.59100000000001
2127,19.354,-59.59199999999999
2128,19.358,-59.589999999999975
2129,19.36,-59.58600000000001
2130,19.363,-59.58300000000003
2196,19.409,-59.411
2197,19.416,-59.408000000000015
2198,19.416,-59.40899999999999
2199,19.431,-59.40699999999998
2200,19.43,-59.40100000000001
2201,19.436,-59.40100000000001
2202,19.446,-59.394000000000005
2203,19.449,-59.398000000000025
2204,19.452,-59.399
2205,19.451,-59.39499999999998
2206,19.459,-59.38900000000001
2207,19.466,-59.39499999999998
2208,19.471,-59.39699999999999
2272,19.438,-59.160000000000025
2273,19.437,-59.156000000000006
2274,19.444,-59.158000000000015
2275,19.441,-59.15699999999998
2276,19.444,-59.15300000000002
2277,19.443,-59.14999999999998
2278,19.45,-59.154
2279,19.449,-59.148000000000025
2280,19.45,-59.148000000000025
2281,19.451,-59.14499999999998
2282,19.451,-59.14499999999998
2283,19.452,-59.146000000000015
2284,19.454,-59.14299999999997
2285,19.456,-59.13900000000001
2286,19.454,-59.14100000000002
2351,19.371,-58.86900000000003
2352,19.371,-58.86900000000003
2353,19.379,-58.87299999999999
2354,19.371,-58.870000000000005
2355,19.374,-58.870000000000005
2356,19.376,-58.86900000000003
2357,19.376,-58.868
2358,19.381,-58.87099999999998
2359,19.377,-58.868
2360,19.377,-58.868
2361,19.376,-58.863999999999976
2362,19.378,-58.86599999999999
2363,19.376,-58.868
2428,19.234,-58.557000000000016
2429,19.233,-58.56
2430,19.229,-58.56099999999998
2431,19.224,-58.56099999999998
2432,19.227,-58.56400000000002
2433,19.225,-58.565
2434,19.225,-58.56900000000002
2435,19.222,-58.56200000000001
2436,19.224,-58.56400000000002
2437,19.222,-58.56299999999999
2438,19.223,-58.559000000000026
2439,19.224,-58.56299999999999
2440,19.225,-58.56900000000002
2505,19.118,-58.297000000000025
2506,19.115,-58.29599999999999
2507,19.113,-58.30099999999999
2508,19.11,-58.303
2509,19.107,-58.307000000000016
2510,19.107,-58.31299999999999
2511,19.101,-58.31400000000002
2512,19.103,-58.321000000000026
2513,19.098,-58.32299999999998
2514,19.099,-58.32499999999999
2515,19.091,-58.329999999999984
2516,19.083,-58.33300000000003
2517,19.075,-58.339
2583,18.983,-58.11900000000003
2584,18.981,-58.12799999999999
2585,18.983,-58.13799999999998
2586,18.981,-58.14299999999997
2587,18.983,-58.149
2588,18.982,-58.14699999999999
2589,18.982,-58.15499999999997
2590,18.982,-58.161
2591,18.982,-58.170000000000016
2592,18.984,-58.16899999999998
2593,18.983,-58.17700000000002
2594,18.985,-58.18900000000002
2660,18.927,-58.00999999999999
2661,18.928,-58.012
2662,18.92,-58.023000000000025
2663,18.92,-58.02499999999998
2664,18.919,-58.02600000000001
2665,18.918,-58.031000000000006
2666,18.916,-58.04000000000002
2667,18.914,-58.048
2668,18.914,-58.05000000000001
2669,18.913,-58.06200000000001
2670,18.911,-58.067999999999984
2671,18.914,-58.079999999999984
2736,18.88,-57.90899999999999
2737,18.884,-57.920000000000016
2738,18.884,-57.91899999999998
2739,18.89,-57.94200000000001
2740,18.89,-57.94400000000002
2741,18.89,-57.94799999999998
2742,18.896,-57.96199999999999
2743,18.897,-57.96699999999999
2744,18.901,-57.97199999999998
2745,18.904,-57.98200000000003
2746,18.908,-57.99599999999998
2811,18.933,-57.84899999999999
2812,18.936,-57.856
2813,18.945,-57.868
2814,18.942,-57.863999999999976
2815,18.948,-57.870000000000005
2816,18.948,-57.875999999999976
2817,18.953,-57.87900000000002
2818,18.961,-57.887
2819,18.96,-57.89499999999998
2820,18.964,-57.90100000000001
2821,18.963,-57.90100000000001
2822,18.968,-57.911
2823,18.971,-57.91399999999999
2824,18.971,-57.918000000000006
2825,18.98,-57.92599999999999
2890,18.98,-57.81700000000001
2891,18.98,-57.827999999999975
2892,18.992,-57.832
2893,18.984,-57.844
2894,18.986,-57.84800000000001
2895,18.987,-57.856
2896,18.986,-57.86200000000002
2897,18.993,-57.870000000000005
2898,18.993,-57.872000000000014
2899,18.995,-57.88499999999999
2900,19.003,-57.896000000000015
2901,19.002,-57.90699999999998
2966,19.014,-57.76999999999998
2967,19.014,-57.785000000000025
2968,19.014,-57.798
2969,19.015,-57.79000000000002
2970,19.013,-57.79399999999998
2971,19.006,-57.79899999999998
2972,19.022,-57.80500000000001
2973,19.022,-57.80399999999997
2974,19.027,-57.80399999999997
2975,19.029,-57.80799999999999
2976,19.031,-57.81099999999998
2977,19.031,-57.81200000000001
2978,19.035,-57.815
3043,19.023,-57.69499999999999
3044,19.024,-57.69499999999999
3045,19.023,-57.69799999999998
3046,19.03,-57.70100000000002
3047,19.032,-57.702999999999975
3048,19.032,-57.70400000000001
3049,19.036,-57.70999999999998
3050,19.036,-57.71199999999999
3051,19.038,-57.71300000000002
3052,19.039,-57.714999999999975
3053,19.041,-57.71699999999999
3118,18.966,-57.58100000000002
3119,18.964,-57.58499999999998
3120,18.959,-57.594
3121,18.951,-57.61700000000002
3122,18.947,-57.62099999999998
3123,18.945,-57.62400000000002
3124,18.943,-57.63799999999998
3125,18.942,-57.63900000000001
3126,18.933,-57.64999999999998
3127,18.93,-57.65199999999999
3128,18.926,-57.66399999999999
3129,18.923,-57.672000000000025
3194,18.764,-57.358
3195,18.762,-57.363999999999976
3196,18.764,-57.368
3197,18.761,-57.37700000000001
3198,18.76,-57.37700000000001
3199,18.759,-57.375999999999976
3200,18.758,-57.38600000000002
3201,18.756,-57.38600000000002
3202,18.757,-57.38999999999999
3203,18.755,-57.394000000000005
3204,18.752,-57.398000000000025
3205,18.752,-57.398000000000025
3270,18.612,-57.08100000000002
3271,18.606,-57.08300000000003
3272,18.608,-57.08300000000003
3273,18.605,-57.084
3274,18.604,-57.084
3275,18.603,-57.08499999999998
3276,18.603,-57.08300000000003
3277,18.599,-57.08600000000001
3278,18.596,-57.08699999999999
3279,18.592,-57.08600000000001
3280,18.589,-57.089999999999975
3346,18.535,-56.899
3347,18.525,-56.90199999999999
3348,18.529,-56.90899999999999
3349,18.525,-56.911
3350,18.52,-56.916
3351,18.52,-56.918000000000006
3352,18.516,-56.92500000000001
3353,18.508,-56.923
3354,18.505,-56.92700000000002
3355,18.504,-56.94
3356,18.498,-56.94200000000001
3357,18.498,-56.95400000000001
3422,18.534,-56.839999999999975
3423,18.544,-56.84199999999999
3424,18.541,-56.85899999999998
3425,18.544,-56.86900000000003
3426,18.553,-56.87099999999998
3427,18.555,-56.872000000000014
3428,18.561,-56.884000000000015
3429,18.563,-56.882000000000005
3430,18.565,-56.88099999999997
3431,18.567,-56.88099999999997
3432,18.569,-56.882000000000005
3433,18.571,-56.88499999999999
3497,18.726,-56.85899999999998
3498,18.745,-56.86500000000001
3499,18.739,-56.86500000000001
3500,18.741,-56.872000000000014
3501,18.74,-56.87299999999999
3502,18.745,-56.88099999999997
3503,18.748,-56.882000000000005
3504,18.747,-56.88
3505,18.749,-56.88900000000001
3506,18.747,-56.89499999999998
3507,18.753,-56.896000000000015
3508,18.755,-56.89499999999998
3573,18.958,-57.0
3574,18.956,-57.0
3575,18.954,-57.009000000000015
3576,18.955,-57.007000000000005
3577,18.956,-57.01499999999999
3578,18.955,-57.01400000000001
3579,18.953,-57.021000000000015
3580,18.947,-57.02699999999999
3581,18.951,-57.02600000000001
3582,18.951,-57.03199999999998
3583,18.948,-57.02800000000002
3584,18.952,-57.043000000000006
3649,19.22,-57.23000000000002
3650,19.227,-57.23700000000002
3651,19.227,-57.24400000000003
3652,19.225,-57.250999999999976
3653,19.222,-57.259000000000015
3654,19.222,-57.26400000000001
3655,19.221,-57.26499999999999
3656,19.222,-57.269000000000005
3657,19.217,-57.279
3658,19.215,-57.281000000000006
3659,19.212,-57.283000000000015
3660,19.21,-57.298
3661,19.207,-57.31200000000001
3727,19.417,-57.51299999999998
3728,19.41,-57.51600000000002
3729,19.405,-57.51600000000002
3730,19.404,-57.521000000000015
3731,19.402,-57.52499999999998
3732,19.402,-57.52999999999997
3733,19.405,-57.536
3734,19.402,-57.54199999999997
3735,19.401,-57.54399999999998
3736,19.401,-57.54899999999998
3737,19.4,-57.55000000000001
3738,19.402,-57.55599999999998
3739,19.397,-57.56599999999997
3804,19.65,-57.767
3805,19.642,-57.77199999999999
3806,19.644,-57.771000000000015
3807,19.638,-57.77699999999999
3808,19.634,-57.781000000000006
3809,19.634,-57.781000000000006
3810,19.634,-57.785000000000025
3811,19.632,-57.78699999999998
3812,19.631,-57.78899999999999
3813,19.631,-57.791
3814,19.633,-57.797000000000025
3815,19.642,-57.803
3919,19.84,-58.293000000000006
3920,19.84,-58.29000000000002
3921,19.843,-58.297000000000025
3922,19.844,-58.29599999999999
3923,19.844,-58.29899999999998
3924,19.845,-58.297000000000025
3925,19.85,-58.30099999999999
3926,19.85,-58.29899999999998
3927,19.853,-58.30000000000001
3928,19.854,-58.30200000000002
3929,19.855,-58.30500000000001
3930,19.858,-58.31200000000001
4035,19.984,-58.743
4036,19.983,-58.73700000000002
4037,19.984,-58.738
4038,19.981,-58.735000000000014
4039,19.981,-58.731
4040,19.979,-58.731
4041,19.978,-58.726999999999975
4042,19.974,-58.72300000000001
4043,19.976,-58.726
4044,19.965,-58.72399999999999
4045,19.957,-58.72199999999998
4046,19.956,-58.71699999999999
4047,19.944,-58.71600000000001
4150,20.056,-59.15699999999998
4151,20.061,-59.16699999999997
4152,20.065,-59.168000000000006
4153,20.063,-59.16399999999999
4154,20.069,-59.170000000000016
4155,20.072,-59.17099999999999
4156,20.076,-59.17700000000002
4157,20.076,-59.17399999999998
4158,20.079,-59.17500000000001
4159,20.083,-59.18099999999998
4160,20.086,-59.18700000000001
4161,20.086,-59.185
4162,20.092,-59.19
4163,20.102,-59.19799999999998
4268,20.336,-59.56200000000001
4269,20.334,-59.572
4270,20.334,-59.57499999999999
4271,20.333,-59.58100000000002
4272,20.332,-59.582
4273,20.332,-59.59199999999999
4274,20.331,-59.59100000000001
4275,20.328,-59.589999999999975
4276,20.331,-59.601999999999975
4277,20.331,-59.60399999999999
4278,20.331,-59.613
4279,20.328,-59.613999999999976
4280,20.331,-59.62299999999999
4385,20.577,-59.95800000000003
4386,20.579,-59.96100000000001
4387,20.569,-59.96100000000001
4388,20.578,-59.964
4389,20.575,-59.95999999999998
4390,20.575,-59.971
4391,20.579,-59.98000000000002
4392,20.576,-59.97300000000001
4393,20.569,-59.981
4394,20.57,-59.97500000000002
4395,20.572,-59.97399999999999
4396,20.571,-59.985000000000014
4397,20.57,-59.98200000000003
4398,20.571,-59.988999999999976
4503,20.856,-60.13600000000002
4504,20.851,-60.12900000000002
4505,20.851,-60.13799999999998
4506,20.852,-60.13900000000001
4507,20.854,-60.14499999999998
4508,20.853,-60.14100000000002
4509,20.853,-60.146000000000015
4510,20.854,-60.14299999999997
4511,20.857,-60.144000000000005
4512,20.859,-60.144000000000005
4513,20.861,-60.148000000000025
4514,20.864,-60.14499999999998
4515,20.871,-60.149
4620,21.064,-60.16500000000002
4621,21.064,-60.16399999999999
4622,21.064,-60.161
4623,21.066,-60.16699999999997
4624,21.067,-60.17099999999999
4625,21.068,-60.17399999999998
4626,21.067,-60.17399999999998
4627,21.07,-60.18099999999998
4628,21.071,-60.19099999999997
4629,21.076,-60.19400000000002
4630,21.076,-60.19400000000002
4631,21.074,-60.19900000000001
4632,21.076,-60.20800000000003
4633,21.078,-60.21600000000001
4738,21.17,-60.14699999999999
4739,21.184,-60.15699999999998
4740,21.181,-60.15699999999998
4741,21.185,-60.15499999999997
4742,21.188,-60.15499999999997
4743,21.195,-60.15699999999998
4744,21.198,-60.158000000000015
4745,21.201,-60.15699999999998
4746,21.208,-60.158000000000015
4747,21.207,-60.15899999999999
4748,21.215,-60.160000000000025
4749,21.218,-60.16500000000002
4854,20.893,-59.80799999999999
4855,20.9,-59.80500000000001
4856,20.895,-59.81
4857,20.896,-59.81
4858,20.896,-59.815
4859,20.899,-59.81999999999999
4860,20.9,-59.822
4861,20.903,-59.827999999999975
4862,20.904,-59.82400000000001
4863,20.907,-59.832
4864,20.912,-59.83499999999998
4865,20.917,-59.839
4970,20.459,-59.524
4971,20.462,-59.52699999999999
4972,20.462,-59.52600000000001
4973,20.465,-59.529
4974,20.466,-59.52999999999997
4975,20.472,-59.53199999999998
4976,20.472,-59.531000000000006
4977,20.476,-59.531000000000006
4978,20.48,-59.53399999999999
4979,20.482,-59.535000000000025
4980,20.485,-59.53800000000001
4981,20.49,-59.54199999999997
5086,20.241,-59.368
5087,20.239,-59.36900000000003
5088,20.241,-59.363
5089,20.242,-59.37799999999999
5090,20.241,-59.37799999999999
5091,20.243,-59.38299999999998
5092,20.242,-59.38299999999998
5093,20.246,-59.39100000000002
5094,20.245,-59.39100000000002
5095,20.246,-59.39299999999997
5096,20.248,-59.396000000000015
5097,20.25,-59.404
5202,20.104,-59.481
5203,20.106,-59.47800000000001
5204,20.113,-59.47399999999999
5205,20.12,-59.481
5206,20.114,-59.47500000000002
5207,20.117,-59.47000000000003
5208,20.118,-59.47500000000002
5209,20.124,-59.471
5210,20.123,-59.47500000000002
5211,20.127,-59.47000000000003
5212,20.132,-59.476999999999975
5317,19.918,-59.791
5318,19.925,-59.793000000000006
5319,19.917,-59.79599999999999
5320,19.913,-59.79199999999997
5321,19.911,-59.798
5322,19.912,-59.79399999999998
5323,19.907,-59.80000000000001
5324,19.911,-59.803
5325,19.908,-59.80200000000002
5326,19.906,-59.80599999999998
5327,19.906,-59.81099999999998
5328,19.908,-59.80599999999998
5329,19.911,-59.80399999999997
5434,19.442,-60.262
5435,19.445,-60.262
5436,19.439,-60.27199999999999
5437,19.443,-60.267
5438,19.441,-60.271000000000015
5439,19.442,-60.271000000000015
5440,19.436,-60.28199999999998
5441,19.448,-60.27999999999997
5442,19.45,-60.28800000000001
5443,19.452,-60.27999999999997
5444,19.454,-60.28399999999999
5445,19.459,-60.28699999999998
5446,19.455,-60.28699999999998
5447,19.458,-60.29399999999998
5552,18.993,-60.557000000000016
5553,18.997,-60.55000000000001
5554,18.99,-60.54899999999998
5555,18.996,-60.55500000000001
5556,18.995,-60.55399999999997
5557,18.996,-60.547000000000025
5558,18.997,-60.547000000000025
5559,18.997,-60.54199999999997
5560,18.997,-60.53800000000001
5561,18.997,-60.54000000000002
5562,18.996,-60.53199999999998
5563,18.995,-60.535000000000025
5564,18.996,-60.52800000000002
5565,18.994,-60.521000000000015
5669,18.544,-60.557000000000016
5670,18.55,-60.55799999999999
5671,18.55,-60.56
5672,18.552,-60.56
5673,18.556,-60.56999999999999
5674,18.557,-60.567999999999984
5675,18.558,-60.567999999999984
5676,18.561,-60.56900000000002
5677,18.568,-60.57400000000001
5678,18.57,-60.57600000000002
5679,18.573,-60.577999999999975
5680,18.585,-60.58100000000002
5786,18.315,-60.50400000000002
5787,18.318,-60.505
5788,18.315,-60.512
5789,18.322,-60.51499999999999
5790,18.322,-60.51400000000001
5791,18.325,-60.51499999999999
5792,18.327,-60.51400000000001
5793,18.333,-60.51999999999998
5794,18.335,-60.51799999999997
5795,18.335,-60.517
5796,18.338,-60.51400000000001
5797,18.341,-60.51600000000002
5798,18.336,-60.52199999999999
5903,18.353,-60.43599999999998
5904,18.351,-60.43700000000001
5905,18.35,-60.435
5906,18.352,-60.434000000000026
5907,18.35,-60.434000000000026
5908,18.347,-60.434000000000026
5909,18.348,-60.43000000000001
5910,18.345,-60.428
5911,18.34,-60.42500000000001
5912,18.341,-60.42700000000002
5913,18.335,-60.41899999999998
5914,18.329,-60.422000000000025
5915,18.325,-60.42500000000001
6020,18.394,-60.41699999999997
6021,18.392,-60.41399999999999
6022,18.387,-60.41399999999999
6023,18.381,-60.411
6024,18.381,-60.41199999999998
6025,18.377,-60.408000000000015
6026,18.369,-60.40499999999997
6027,18.372,-60.408000000000015
6028,18.369,-60.406000000000006
6029,18.367,-60.40699999999998
6030,18.365,-60.41199999999998
6031,18.365,-60.411
6032,18.359,-60.40899999999999
6033,18.358,-60.41899999999998
6137,18.331,-60.96300000000002
6138,18.33,-60.96699999999999
6139,18.337,-60.97500000000002
6140,18.336,-60.976
6141,18.335,-60.97800000000001
6142,18.332,-60.976999999999975
6143,18.338,-60.988
6144,18.332,-60.985000000000014
6145,18.339,-60.997000000000014
6146,18.338,-60.995000000000005
6147,18.34,-61.00599999999997
6148,18.343,-61.00799999999998
6149,18.338,-61.00599999999997
6150,18.339,-61.012
6255,18.364,-61.15899999999999
6256,18.367,-61.158000000000015
6257,18.363,-61.160000000000025
6258,18.36,-61.16199999999998
6259,18.36,-61.16500000000002
6260,18.36,-61.170000000000016
6261,18.36,-61.173
6262,18.36,-61.173
6263,18.361,-61.17599999999999
6264,18.363,-61.17700000000002
6265,18.358,-61.17500000000001
6266,18.353,-61.178
6372,17.981,-61.285000000000025
6373,17.978,-61.286
6374,17.983,-61.29399999999998
6375,17.983,-61.295000000000016
6376,17.984,-61.293000000000006
6377,17.986,-61.29399999999998
6378,17.986,-61.30200000000002
6379,17.986,-61.29899999999998
6380,17.984,-61.30000000000001
6381,17.985,-61.303
6382,17.983,-61.30099999999999
6383,17.982,-61.30000000000001
6384,17.977,-61.30500000000001
6489,17.554,-61.44499999999999
6490,17.549,-61.44400000000002
6491,17.53,-61.44999999999999
6492,17.525,-61.457
6493,17.522,-61.464999999999975
6494,17.519,-61.47199999999998
6495,17.52,-61.47000000000003
6496,17.518,-61.47300000000001
6497,17.52,-61.476999999999975
6498,17.521,-61.47899999999999
6499,17.521,-61.476999999999975
6500,17.52,-61.47899999999999
6501,17.521,-61.47899999999999
6598,16.779,-61.821000000000026
6599,16.781,-61.846
6600,16.778,-61.84800000000001
6601,16.777,-61.85300000000001
6602,16.77,-61.85500000000002
6603,16.769,-61.85399999999999
6604,16.767,-61.851
6605,16.762,-61.858
6606,16.76,-61.85500000000002
6607,16.76,-61.856
6608,16.753,-61.85000000000002
6609,16.756,-61.85500000000002
6713,16.181,-62.750999999999976
6714,16.181,-62.75299999999999
6715,16.183,-62.750999999999976
6716,16.179,-62.74900000000002
6717,16.174,-62.745000000000005
6718,16.176,-62.74799999999999
6719,16.178,-62.74599999999998
6720,16.176,-62.743
6721,16.175,-62.738999999999976
6722,16.17,-62.73200000000003
6723,16.171,-62.73599999999999
6724,16.166,-62.731
6829,15.588,-62.99900000000002
6830,15.581,-63.0
6831,15.573,-63.007000000000005
6832,15.573,-63.00599999999997
6833,15.568,-63.009000000000015
6834,15.561,-63.007000000000005
6835,15.552,-63.01100000000002
6836,15.552,-63.01100000000002
6837,15.544,-63.01600000000002
6838,15.54,-63.01799999999997
6839,15.539,-63.017
6840,15.529,-63.03199999999998
6944,15.573,-63.19900000000001
6945,15.581,-63.20100000000002
6946,15.585,-63.202999999999975
6947,15.588,-63.20100000000002
6948,15.59,-63.202
6949,15.598,-63.209
6950,15.603,-63.20600000000002
6951,15.603,-63.20800000000003
6952,15.611,-63.214
6953,15.611,-63.214
6954,15.614,-63.21600000000001
6955,15.624,-63.22399999999999
7059,14.907,-62.533000000000015
7060,14.905,-62.53399999999999
7061,14.902,-62.53899999999999
7062,14.896,-62.541
7063,14.898,-62.545000000000016
7064,14.894,-62.545000000000016
7065,14.893,-62.548
7066,14.892,-62.547000000000025
7067,14.887,-62.547000000000025
7068,14.888,-62.55099999999999
7069,14.886,-62.547000000000025
7070,14.881,-62.55099999999999
7172,14.641,-63.469
7173,14.636,-63.476999999999975
7174,14.641,-63.485000000000014
7175,14.639,-63.49400000000003
7176,14.636,-63.500999999999976
7177,14.629,-63.50599999999997
7178,14.63,-63.50599999999997
7179,14.622,-63.509000000000015
7180,14.625,-63.509000000000015
7181,14.613,-63.512
7182,14.611,-63.51600000000002
7183,14.6,-63.512
7184,14.586,-63.51600000000002
7287,14.494,-62.947
7288,14.499,-62.954999999999984
7289,14.504,-62.96699999999999
7290,14.501,-62.97500000000002
7291,14.507,-62.981
7292,14.506,-62.976999999999975
7293,14.506,-62.981
7294,14.502,-62.985000000000014
7295,14.51,-62.98399999999998
7296,14.509,-62.988
7297,14.511,-62.988
7298,14.51,-62.988999999999976
7299,14.513,-62.99599999999998
7402,14.22,-62.90699999999998
7403,14.22,-62.916
7404,14.219,-62.92500000000001
7405,14.221,-62.92500000000001
7406,14.223,-62.93099999999998
7407,14.221,-62.935
7408,14.221,-62.947
7409,14.225,-62.95100000000002
7410,14.224,-62.952999999999975
7411,14.229,-62.97000000000003
7412,14.231,-62.97800000000001
7413,14.235,-62.99599999999998
7414,14.238,-62.99900000000002
7415,14.242,-63.00999999999999
7518,15.057,-62.88499999999999
7519,15.059,-62.88499999999999
7520,15.059,-62.882000000000005
7521,15.062,-62.88499999999999
7522,15.065,-62.88600000000002
7523,15.066,-62.887
7524,15.066,-62.892
7525,15.072,-62.896000000000015
7526,15.075,-62.899
7527,15.076,-62.89999999999998
7528,15.079,-62.90300000000002
7529,15.079,-62.91300000000001
7530,15.089,-62.91699999999997
7531,15.097,-62.92599999999999
7635,15.933,-62.53899999999999
7636,15.92,-62.53899999999999
7637,15.915,-62.541
7638,15.911,-62.553
7639,15.906,-62.557000000000016
7640,15.902,-62.559000000000026
7641,15.899,-62.565
7642,15.896,-62.565
7643,15.901,-62.56599999999997
7644,15.892,-62.572
7645,15.888,-62.58100000000002
7646,15.884,-62.57900000000001
7647,15.882,-62.577
7648,15.877,-62.582
7649,15.875,-62.58800000000002
7650,15.873,-62.596
7754,16.305,-62.63900000000001
7755,16.308,-62.644000000000005
7756,16.31,-62.644000000000005
7757,16.315,-62.63999999999999
7758,16.314,-62.64299999999997
7759,16.314,-62.64499999999998
7760,16.318,-62.64499999999998
7761,16.315,-62.646000000000015
7762,16.321,-62.649
7763,16.321,-62.65300000000002
7764,16.321,-62.65199999999999
7765,16.321,-62.65100000000001
7766,16.322,-62.649
7767,16.324,-62.65699999999998
7768,16.325,-62.660000000000025
7769,16.327,-62.66199999999998
7871,16.539,-63.54599999999999
7872,16.543,-63.543000000000006
7873,16.542,-63.55799999999999
7874,16.542,-63.55500000000001
7875,16.545,-63.56599999999997
7876,16.547,-63.56400000000002
7877,16.538,-63.567999999999984
7878,16.541,-63.57400000000001
7879,16.54,-63.579999999999984
7880,16.54,-63.579999999999984
7881,16.539,-63.58499999999998
7882,16.538,-63.589999999999975
7883,16.542,-63.59500000000003
7884,16.54,-63.60399999999999
7987,16.743,-63.97399999999999
7988,16.746,-63.976
7989,16.748,-63.97199999999998
7990,16.752,-63.97300000000001
7991,16.752,-63.97899999999999
7992,16.752,-63.97500000000002
7993,16.754,-63.97399999999999
7994,16.755,-63.976999999999975
7995,16.757,-63.97800000000001
7996,16.762,-63.97899999999999
7997,16.759,-63.97899999999999
7998,16.76,-63.98599999999999
7999,16.759,-63.98399999999998
8000,16.768,-63.988999999999976
8001,16.761,-63.988
8002,16.763,-63.988999999999976
8106,16.461,-63.512
8107,16.465,-63.50999999999999
8108,16.469,-63.53199999999998
8109,16.471,-63.535000000000025
8110,16.47,-63.536
8111,16.465,-63.553
8112,16.478,-63.56
8113,16.48,-63.56200000000001
8114,16.48,-63.567999999999984
8115,16.482,-63.572
8116,16.485,-63.58100000000002
8117,16.486,-63.582
8118,16.487,-63.59199999999999
8119,16.489,-63.589999999999975
8120,16.491,-63.59899999999999
8221,16.889,-63.21199999999999
8222,16.886,-63.214999999999975
8223,16.877,-63.22300000000001
8224,16.887,-63.20600000000002
8225,16.885,-63.219
8226,16.879,-63.21600000000001
8227,16.878,-63.22399999999999
8228,16.872,-63.22500000000002
8229,16.872,-63.22800000000001
8230,16.87,-63.22800000000001
8231,16.87,-63.22800000000001
8232,16.866,-63.23000000000002
8233,16.861,-63.226999999999975
8234,16.864,-63.233
8235,16.861,-63.23399999999998
8236,16.862,-63.24200000000002
8338,16.761,-63.35500000000002
8339,16.757,-63.375999999999976
8340,16.758,-63.37400000000002
8341,16.759,-63.38299999999998
8342,16.759,-63.39699999999999
8343,16.76,-63.406000000000006
8344,16.76,-63.408000000000015
8345,16.759,-63.42599999999999
8346,16.759,-63.43299999999999
8347,16.759,-63.43000000000001
8348,16.76,-63.44999999999999
8452,16.363,-63.995000000000005
8453,16.353,-64.019
8454,16.354,-64.019
8455,16.353,-64.01499999999999
8456,16.353,-64.03800000000001
8457,16.353,-64.04000000000002
8458,16.353,-64.04700000000003
8459,16.354,-64.05599999999998
8460,16.358,-64.06
8461,16.35,-64.06700000000001
8462,16.35,-64.06799999999998
8463,16.35,-64.07499999999999
8464,16.349,-64.07799999999997
8465,16.345,-64.084
8466,16.345,-64.09199999999998
8571,16.085,-64.606
8572,16.084,-64.637
8573,16.082,-64.63600000000002
8574,16.087,-64.65199999999999
8575,16.085,-64.66300000000001
8576,16.086,-64.66500000000002
8577,16.086,-64.67000000000002
8578,16.089,-64.67899999999997
8579,16.089,-64.68400000000003
8580,16.089,-64.69600000000003
8581,16.089,-64.697
8582,16.09,-64.702
8583,16.093,-64.70999999999998
8584,16.095,-64.72300000000001
8585,16.095,-64.72199999999998
8586,16.098,-64.731
8689,15.794,-65.61000000000001
8690,15.793,-65.60500000000002
8691,15.783,-65.62700000000001
8692,15.783,-65.63099999999997
8693,15.782,-65.64100000000002
8694,15.782,-65.63600000000002
8695,15.773,-65.65199999999999
8696,15.766,-65.65499999999997
8697,15.769,-65.65899999999999
8698,15.769,-65.65899999999999
8699,15.766,-65.66300000000001
8700,15.763,-65.66699999999997
8701,15.758,-65.67500000000001
8702,15.758,-65.67599999999999
8703,15.756,-65.685
8808,15.228,-66.44099999999997
8809,15.218,-66.43599999999998
8810,15.22,-66.45299999999997
8811,15.223,-66.45299999999997
8812,15.22,-66.45800000000003
8813,15.222,-66.47800000000001
8814,15.223,-66.47800000000001
8815,15.225,-66.49000000000001
8816,15.228,-66.49200000000002
8817,15.228,-66.49799999999999
8818,15.231,-66.50099999999998
8819,15.233,-66.51400000000001
8820,15.234,-66.51799999999997
8821,15.238,-66.52600000000001
8822,15.236,-66.53899999999999
8927,14.758,-67.209
8928,14.753,-67.202
8929,14.735,-67.21800000000002
8930,14.732,-67.22199999999998
8931,14.725,-67.23599999999999
8932,14.712,-67.24000000000001
8933,14.718,-67.25599999999997
8934,14.712,-67.24900000000002
8935,14.706,-67.25599999999997
8936,14.708,-67.25299999999999
8937,14.704,-67.26299999999998
8938,14.699,-67.26400000000001
8939,14.694,-67.27199999999999
8940,14.692,-67.27499999999998
8941,14.689,-67.28500000000003
8942,14.685,-67.298
9046,14.317,-67.81700000000001
9047,14.297,-67.82799999999997
9048,14.291,-67.83300000000003
9049,14.274,-67.84199999999998
9050,14.274,-67.83699999999999
9051,14.272,-67.84199999999998
9052,14.263,-67.844
9053,14.259,-67.84899999999999
9054,14.252,-67.856
9055,14.249,-67.85399999999998
9056,14.244,-67.86000000000001
9057,14.239,-67.86200000000002
9058,14.238,-67.87
9059,14.232,-67.87799999999999
9163,14.219,-68.01600000000002
9164,14.211,-68.04199999999997
9165,14.211,-68.04599999999999
9166,14.21,-68.05900000000003
9167,14.211,-68.06299999999999
9168,14.209,-68.06599999999997
9169,14.207,-68.065
9170,14.213,-68.07400000000001
9171,14.208,-68.07600000000002
9172,14.208,-68.082
9173,14.207,-68.089
9174,14.207,-68.08800000000002
9175,14.203,-68.08600000000001
9176,14.201,-68.09500000000003
9177,14.2,-68.10199999999998
9178,14.206,-68.106
9283,14.804,-67.40199999999999
9284,14.815,-67.406
9285,14.829,-67.394
9286,14.857,-67.40300000000002
9287,14.86,-67.38999999999999
9288,14.86,-67.38600000000002
9289,14.877,-67.39100000000002
9290,14.874,-67.38099999999997
9291,14.902,-67.37900000000002
9292,14.911,-67.37900000000002
9293,14.915,-67.37599999999998
9294,14.935,-67.36500000000001
9295,14.957,-67.37599999999998
9296,14.961,-67.38099999999997
9297,14.975,-67.37099999999998
9298,14.992,-67.37599999999998
9402,15.824,-66.15199999999999
9403,15.839,-66.142
9404,15.841,-66.13400000000001
9405,15.84,-66.13099999999997
9406,15.85,-66.118
9407,15.863,-66.118
9408,15.861,-66.10899999999998
9409,15.86,-66.11000000000001
9410,15.863,-66.10700000000003
9411,15.868,-66.09500000000003
9412,15.873,-66.09199999999998
9413,15.873,-66.09199999999998
9414,15.877,-66.08699999999999
9415,15.883,-66.084
9520,16.791,-66.346
9521,16.796,-66.344
9522,16.802,-66.34500000000003
9523,16.809,-66.34699999999998
9524,16.813,-66.35199999999998
9525,16.821,-66.36099999999999
9526,16.83,-66.36500000000001
9527,16.831,-66.36200000000002
9528,16.837,-66.36900000000003
9529,16.848,-66.37400000000002
9530,16.854,-66.38299999999998
9531,16.853,-66.37900000000002
9532,16.861,-66.387
9533,16.871,-66.38999999999999
9637,17.377,-67.065
9638,17.387,-67.07100000000003
9639,17.393,-67.08100000000002
9640,17.396,-67.084
9641,17.4,-67.08800000000002
9642,17.408,-67.09899999999999
9643,17.41,-67.09699999999998
9644,17.41,-67.10300000000001
9645,17.413,-67.106
9646,17.419,-67.11399999999998
9647,17.423,-67.11900000000003
9648,17.422,-67.11900000000003
9649,17.426,-67.12400000000002
9650,17.435,-67.13400000000001
9756,17.625,-68.16699999999997
9757,17.622,-68.18099999999998
9758,17.626,-68.19900000000001
9759,17.627,-68.19799999999998
9760,17.628,-68.20800000000003
9761,17.634,-68.22800000000001
9762,17.631,-68.226
9763,17.636,-68.22899999999998
9764,17.649,-68.25200000000001
9765,17.638,-68.25
9766,17.641,-68.25099999999998
9767,17.642,-68.25900000000001
9768,17.648,-68.26799999999997
9769,17.644,-68.274
9875,17.595,-69.48200000000003
9876,17.586,-69.50400000000002
9877,17.581,-69.51600000000002
9878,17.579,-69.53300000000002
9879,17.578,-69.54000000000002
9880,17.578,-69.54899999999998
9881,17.574,-69.548
9882,17.57,-69.55799999999999
9883,17.573,-69.56299999999999
9884,17.572,-69.56400000000002
9885,17.571,-69.57600000000002
9886,17.57,-69.57600000000002
9887,17.568,-69.589
9888,17.564,-69.59100000000001
9889,17.561,-69.606
9890,17.561,-69.606
9891,17.558,-69.62
9996,17.397,-71.16899999999998
9997,17.402,-71.17099999999999
9998,17.392,-71.17200000000003
9999,17.379,-71.18400000000003
10000,17.378,-71.20499999999998
10001,17.368,-71.197
10002,17.365,-71.20299999999997
10003,17.359,-71.209
10004,17.358,-71.20999999999998
10005,17.356,-71.20999999999998
10006,17.352,-71.219
10007,17.345,-71.22199999999998
10008,17.342,-71.23200000000003
10009,17.341,-71.231
10010,17.335,-71.24200000000002
10113,16.907,-73.09300000000002
10114,16.872,-73.08499999999998
10115,16.869,-73.10199999999998
10116,16.87,-73.09899999999999
10117,16.87,-73.11399999999998
10118,16.865,-73.12400000000002
10119,16.864,-73.12599999999998
10120,16.866,-73.132
10121,16.865,-73.13499999999999
10122,16.862,-73.144
10123,16.862,-73.149
10124,16.86,-73.161
10125,16.863,-73.166
10126,16.861,-73.178
10127,16.861,-73.17500000000001
10233,16.176,-74.35300000000001
10234,16.151,-74.35899999999998
10235,16.145,-74.368
10236,16.137,-74.37700000000001
10237,16.136,-74.38099999999997
10238,16.128,-74.38600000000002
10239,16.127,-74.38799999999998
10240,16.121,-74.39299999999997
10241,16.119,-74.39699999999999
10242,16.116,-74.40100000000001
10243,16.11,-74.39600000000002
10244,16.112,-74.40499999999997
10245,16.106,-74.41000000000003
10246,16.103,-74.41699999999997
10247,16.097,-74.42599999999999
10248,16.095,-74.44099999999997
10352,15.951,-75.40800000000002
10353,15.942,-75.41000000000003
10354,15.935,-75.41199999999998
10355,15.931,-75.41300000000001
10356,15.926,-75.41699999999997
10357,15.922,-75.42399999999998
10358,15.923,-75.42200000000003
10359,15.92,-75.42200000000003
10360,15.915,-75.423
10361,15.911,-75.42599999999999
10362,15.908,-75.43299999999999
10363,15.904,-75.43700000000001
10364,15.904,-75.435
10365,15.899,-75.43900000000002
10366,15.896,-75.445
10367,15.895,-75.45400000000001
10368,15.896,-75.45600000000002
10369,15.893,-75.46300000000002
10471,15.77,-75.822
10472,15.776,-75.815
10473,15.786,-75.81200000000001
10474,15.79,-75.81
10475,15.793,-75.815
10476,15.791,-75.805
10477,15.801,-75.80700000000002
10478,15.801,-75.81400000000002
10479,15.804,-75.81200000000001
10480,15.809,-75.81099999999998
10481,15.809,-75.81099999999998
10482,15.817,-75.81200000000001
10483,15.822,-75.81200000000001
10484,15.829,-75.81900000000002
10485,15.831,-75.81799999999998
10486,15.842,-75.81400000000002
10591,15.983,-75.94099999999997
10592,15.986,-75.94900000000001
10593,15.99,-75.95999999999998
10594,15.986,-75.95999999999998
10595,15.989,-75.96499999999997
10596,15.991,-75.97500000000002
10597,15.997,-75.98500000000001
10598,15.997,-75.98899999999998
10599,15.998,-75.99200000000002
10600,16.0,-75.99799999999999
10601,16.003,-76.00599999999997
10602,16.004,-76.012
10603,16.006,-76.01299999999998
10604,16.01,-76.02600000000001
10708,16.105,-76.39699999999999
10709,16.104,-76.404
10710,16.107,-76.404
10711,16.106,-76.41199999999998
10712,16.113,-76.423
10713,16.104,-76.42000000000002
10714,16.107,-76.42399999999998
10715,16.106,-76.428
10716,16.106,-76.42700000000002
10717,16.107,-76.43200000000002
10718,16.107,-76.43599999999998
10719,16.107,-76.43700000000001
10720,16.11,-76.43799999999999
10721,16.107,-76.445
10827,16.246,-76.96100000000001
10828,16.249,-76.97000000000003
10829,16.249,-76.96800000000002
10830,16.252,-76.971
10831,16.253,-76.97899999999998
10832,16.255,-76.98000000000002
10833,16.256,-76.98000000000002
10834,16.256,-76.976
10835,16.26,-76.98399999999998
10836,16.259,-76.98899999999998
10837,16.259,-76.98899999999998
10838,16.261,-76.99200000000002
10839,16.262,-76.99400000000003
10840,16.264,-76.995
10841,16.264,-77.00099999999998
10945,16.099,-77.30200000000002
10946,16.099,-77.332
10947,16.1,-77.33699999999999
10948,16.104,-77.358
10949,16.105,-77.368
10950,16.106,-77.37799999999999
10951,16.104,-77.38400000000001
10952,16.106,-77.39800000000002
10953,16.106,-77.40199999999999
10954,16.109,-77.418
10955,16.108,-77.41899999999998
10956,16.11,-77.42899999999997
10957,16.109,-77.43200000000002
10958,16.111,-77.445
10959,16.113,-77.45400000000001
10960,16.111,-77.45299999999997
11065,15.446,-77.428
11066,15.419,-77.42399999999998
11067,15.417,-77.42899999999997
11068,15.411,-77.42700000000002
11069,15.397,-77.43
11070,15.393,-77.43
11071,15.389,-77.43099999999998
11072,15.389,-77.42899999999997
11073,15.377,-77.43200000000002
11074,15.371,-77.43400000000003
11075,15.369,-77.43400000000003
11076,15.37,-77.43700000000001
11077,15.365,-77.43599999999998
11078,15.361,-77.43299999999999
11079,15.354,-77.435
11080,15.353,-77.43400000000003
11081,15.349,-77.435
11187,13.91,-77.39699999999999
11188,13.903,-77.40199999999999
11189,13.885,-77.41000000000003
11190,13.887,-77.40800000000002
11191,13.884,-77.40899999999999
11192,13.867,-77.41899999999998
11193,13.866,-77.418
11194,13.857,-77.42099999999999
11195,13.858,-77.42200000000003
11196,13.85,-77.42700000000002
11197,13.844,-77.428
11198,13.834,-77.43299999999999
11199,13.834,-77.43200000000002
11200,13.829,-77.43599999999998
11304,14.224,-76.87299999999999
11305,14.223,-76.87700000000001
11306,14.22,-76.88099999999997
11307,14.224,-76.89299999999997
11308,14.226,-76.89499999999998
11309,14.227,-76.90699999999998
11310,14.227,-76.911
11311,14.233,-76.923
11312,14.23,-76.92200000000003
11313,14.233,-76.93
11314,14.232,-76.93299999999999
11315,14.236,-76.93900000000002
11316,14.237,-76.94099999999997
11317,14.24,-76.95100000000002
11422,15.163,-76.06400000000002
11423,15.158,-76.06200000000001
11424,15.169,-76.08100000000002
11425,15.172,-76.08100000000002
11426,15.171,-76.08499999999998
11427,15.183,-76.09899999999999
11428,15.187,-76.10500000000002
11429,15.186,-76.10399999999998
11430,15.187,-76.10700000000003
11431,15.194,-76.113
11432,15.198,-76.11700000000002
11433,15.2,-76.118
11434,15.204,-76.11900000000003
11435,15.212,-76.13099999999997
11541,16.173,-76.053
11542,16.176,-76.048
11543,16.184,-76.06400000000002
11544,16.179,-76.06599999999997
11545,16.179,-76.06599999999997
11546,16.182,-76.08499999999998
11547,16.182,-76.08999999999997
11548,16.182,-76.09100000000001
11549,16.183,-76.09899999999999
11550,16.184,-76.11099999999999
11551,16.185,-76.108
11552,16.187,-76.11599999999999
11553,16.187,-76.11399999999998
11554,16.189,-76.125
11555,16.191,-76.13600000000002
11657,16.666,-77.12599999999998
11658,16.671,-77.13
11659,16.686,-77.15800000000002
11660,16.689,-77.16399999999999
11661,16.692,-77.17700000000002
11662,16.697,-77.202
11663,16.702,-77.202
11664,16.705,-77.19900000000001
11665,16.702,-77.202
11666,16.704,-77.21499999999997
11667,16.703,-77.20999999999998
11668,16.71,-77.22800000000001
11669,16.711,-77.22800000000001
11670,16.712,-77.23599999999999
11671,16.718,-77.25
11672,16.722,-77.25999999999999
11673,16.727,-77.26999999999998
11775,16.4,-79.08800000000002
11776,16.407,-79.12700000000001
11777,16.41,-79.12799999999999
11778,16.41,-79.12700000000001
11779,16.41,-79.132
11780,16.414,-79.144
11781,16.421,-79.168
11782,16.416,-79.17200000000003
11783,16.419,-79.173
11784,16.418,-79.17700000000002
11785,16.422,-79.19400000000002
11786,16.427,-79.209
11787,16.428,-79.21800000000002
11788,16.432,-79.22399999999999
11789,16.431,-79.24000000000001
11896,17.536,-80.231
11897,17.545,-80.21699999999998
11898,17.554,-80.221
11899,17.555,-80.226
11900,17.557,-80.226
11901,17.555,-80.22699999999998
11902,17.561,-80.233
11903,17.566,-80.23599999999999
11904,17.565,-80.238
11905,17.567,-80.24099999999999
11906,17.57,-80.245
11907,17.573,-80.24900000000002
11908,17.574,-80.25
11909,17.578,-80.255
11910,17.58,-80.25799999999998
12014,18.633,-81.33999999999997
12015,18.629,-81.33800000000002
12016,18.626,-81.34800000000001
12017,18.626,-81.34800000000001
12018,18.623,-81.35300000000001
12019,18.622,-81.36099999999999
12020,18.623,-81.36099999999999
12021,18.619,-81.36399999999998
12022,18.621,-81.36700000000002
12023,18.619,-81.36700000000002
12024,18.617,-81.37200000000001
12025,18.618,-81.37299999999999
12026,18.619,-81.375
12027,18.615,-81.38099999999997
12133,18.911,-82.54700000000003
12134,18.908,-82.553
12135,18.903,-82.57799999999997
12136,18.904,-82.57900000000001
12137,18.903,-82.58600000000001
12138,18.895,-82.61399999999998
12139,18.898,-82.61399999999998
12140,18.901,-82.61900000000003
12141,18.901,-82.62400000000002
12142,18.898,-82.63600000000002
12143,18.899,-82.644
12144,18.897,-82.642
12145,18.896,-82.654
12146,18.897,-82.66000000000003
12147,18.895,-82.673
12148,18.898,-82.68
12149,18.902,-82.67899999999997
12150,18.898,-82.702
12255,19.095,-82.78800000000001
12256,19.097,-82.79199999999997
12257,19.091,-82.82499999999999
12258,19.087,-82.83499999999998
12259,19.083,-82.846
12260,19.08,-82.85899999999998
12261,19.081,-82.85300000000001
12262,19.075,-82.88
12263,19.073,-82.87900000000002
12264,19.072,-82.88299999999998
12265,19.071,-82.892
12266,19.069,-82.904
12267,19.066,-82.91000000000003
12268,19.066,-82.916
12269,19.064,-82.92599999999999
12270,19.056,-82.93799999999999
12374,19.029,-83.50299999999999
12375,19.042,-83.49700000000001
12376,19.049,-83.49400000000003
12377,19.05,-83.49099999999999
12378,19.068,-83.50200000000001
12379,19.076,-83.49799999999999
12380,19.076,-83.49799999999999
12381,19.087,-83.49200000000002
12382,19.095,-83.48899999999998
12383,19.097,-83.49200000000002
12384,19.108,-83.49900000000002
12385,19.108,-83.49000000000001
12386,19.118,-83.495
12387,19.125,-83.493
12388,19.13,-83.49400000000003
12389,19.144,-83.495
12494,20.657,-83.91500000000002
12495,20.675,-83.916
12496,20.676,-83.91899999999998
12497,20.682,-83.92500000000001
12498,20.681,-83.92599999999999
12499,20.686,-83.93400000000003
12500,20.688,-83.935
12501,20.689,-83.93299999999999
12502,20.693,-83.94
12503,20.691,-83.94
12504,20.695,-83.94799999999998
12505,20.695,-83.94999999999999
12506,20.698,-83.95600000000002
12507,20.697,-83.95400000000001
12508,20.703,-83.947
12612,21.601,-84.00799999999998
12613,21.605,-84.005
12614,21.61,-83.99900000000002
12615,21.61,-84.0
12616,21.612,-83.995
12617,21.616,-83.99400000000003
12618,21.617,-83.99000000000001
12619,21.618,-83.98899999999998
12620,21.619,-83.98599999999999
12621,21.625,-83.99000000000001
12622,21.623,-83.98500000000001
12623,21.626,-83.98200000000003
12624,21.626,-83.981
12625,21.626,-83.97800000000001
12626,21.632,-83.97800000000001
12627,21.638,-83.97500000000002
12732,21.609,-83.37200000000001
12733,21.604,-83.36599999999999
12734,21.597,-83.358
12735,21.596,-83.358
12736,21.59,-83.356
12737,21.585,-83.34800000000001
12738,21.587,-83.34800000000001
12739,21.584,-83.346
12740,21.581,-83.34300000000002
12741,21.582,-83.34300000000002
12742,21.573,-83.33800000000002
12743,21.569,-83.332
12744,21.568,-83.33100000000002
12745,21.565,-83.32799999999997
12746,21.558,-83.322
12747,21.56,-83.31900000000002
12748,21.558,-83.31599999999997
12852,21.179,-83.02100000000002
12853,21.175,-83.019
12854,21.168,-83.01499999999999
12855,21.168,-83.01299999999998
12856,21.16,-83.01600000000002
12857,21.152,-83.00799999999998
12858,21.156,-83.019
12859,21.155,-83.01400000000001
12860,21.153,-83.01600000000002
12861,21.147,-83.01400000000001
12862,21.142,-83.01799999999997
12863,21.141,-83.02199999999999
12864,21.138,-83.02100000000002
12865,21.137,-83.01799999999997
12866,21.133,-83.01799999999997
12867,21.128,-83.02199999999999
12868,21.128,-83.02300000000002
12869,21.124,-83.02999999999997
12974,20.767,-83.03699999999998
12975,20.755,-83.03899999999999
12976,20.742,-83.04599999999999
12977,20.742,-83.04700000000003
12978,20.733,-83.05399999999997
12979,20.73,-83.05399999999997
12980,20.723,-83.05599999999998
12981,20.72,-83.05700000000002
12982,20.713,-83.06200000000001
12983,20.712,-83.06700000000001
12984,20.709,-83.065
12985,20.705,-83.06400000000002
12986,20.698,-83.07400000000001
12987,20.698,-83.077
12988,20.695,-83.08499999999998
13093,20.876,-83.493
13094,20.888,-83.495
13095,20.895,-83.495
13096,20.902,-83.50299999999999
13097,20.916,-83.51799999999997
13098,20.919,-83.505
13099,20.925,-83.51299999999998
13100,20.937,-83.51999999999998
13101,20.949,-83.52699999999999
13102,20.948,-83.52699999999999
13103,20.957,-83.541
13104,20.956,-83.53699999999998
13105,20.964,-83.53199999999998
13106,20.98,-83.548
13107,20.98,-83.548
13108,20.987,-83.55599999999998
13109,20.994,-83.56299999999999
13215,21.07,-84.418
13216,21.069,-84.42899999999997
13217,21.063,-84.43099999999998
13218,21.061,-84.435
13219,21.059,-84.43599999999998
13220,21.06,-84.44
13221,21.052,-84.44299999999998
13222,21.051,-84.44900000000001
13223,21.05,-84.44799999999998
13224,21.045,-84.44200000000001
13225,21.046,-84.45800000000003
13226,21.042,-84.44999999999999
13227,21.043,-84.45100000000002
13228,21.037,-84.45999999999998
13229,21.037,-84.45999999999998
13334,20.87,-85.25900000000001
13335,20.869,-85.26299999999998
13336,20.865,-85.27100000000002
13337,20.866,-85.26799999999997
13338,20.865,-85.27199999999999
13339,20.865,-85.274
13340,20.863,-85.279
13341,20.863,-85.28300000000002
13342,20.861,-85.27999999999997
13343,20.861,-85.27999999999997
13344,20.861,-85.281
13345,20.858,-85.28699999999998
13346,20.858,-85.286
13347,20.857,-85.28800000000001
13348,20.855,-85.28699999999998
13349,20.853,-85.28800000000001
13350,20.857,-85.29000000000002
13351,20.854,-85.29000000000002
13352,20.849,-85.30000000000001
13456,21.493,-85.606
13457,21.501,-85.59300000000002
13458,21.529,-85.61200000000002
13459,21.545,-85.61000000000001
13460,21.545,-85.601
13461,21.549,-85.60000000000002
13462,21.562,-85.601
13463,21.567,-85.594
13464,21.578,-85.60399999999998
13465,21.581,-85.60399999999998
13466,21.587,-85.596
13467,21.596,-85.59500000000003
13468,21.606,-85.59800000000001
13469,21.609,-85.58800000000002
13470,21.625,-85.601
13471,21.636,-85.60399999999998
13472,21.648,-85.59800000000001
13473,21.655,-85.59800000000001
13578,24.645,-84.791
13579,24.645,-84.786
13580,24.665,-84.767
13581,24.706,-84.719
13582,24.711,-84.714
13583,24.727,-84.70999999999998
13584,24.747,-84.67099999999999
13585,24.764,-84.65899999999999
13586,24.773,-84.66000000000003
13587,24.778,-84.63999999999999
13588,24.781,-84.63499999999999
13589,24.805,-84.62200000000001
13590,24.817,-84.60700000000003
13591,24.829,-84.58999999999997
13592,24.834,-84.58600000000001
13688,24.997,-84.18900000000002
13689,24.997,-84.18900000000002
13690,24.999,-84.18400000000003
13691,24.995,-84.178
13692,24.995,-84.17099999999999
13693,24.993,-84.16199999999998
13694,24.992,-84.16000000000003
13695,24.992,-84.15899999999999
13696,24.991,-84.154
13697,24.991,-84.154
13698,24.986,-84.13799999999998
13699,24.988,-84.14600000000002
13700,24.987,-84.14299999999997
13701,24.989,-84.14299999999997
13795,24.974,-84.12299999999999
13796,24.974,-84.12200000000001
13797,24.975,-84.12200000000001
13798,24.975,-84.12099999999998
13799,24.976,-84.118
13800,24.975,-84.11399999999998
13801,24.979,-84.11399999999998
13802,24.979,-84.11099999999999
13803,24.981,-84.108
13804,24.981,-84.11200000000002
13805,24.983,-84.11099999999999
13806,24.985,-84.106
13807,24.984,-84.10399999999998
13808,24.987,-84.10199999999998
13902,24.964,-84.08699999999999
13903,24.966,-84.09199999999998
13904,24.958,-84.09100000000001
13905,24.955,-84.089
13906,24.952,-84.089
13907,24.946,-84.09100000000001
13908,24.942,-84.09199999999998
13909,24.944,-84.09199999999998
13910,24.94,-84.094
13911,24.936,-84.101
13912,24.931,-84.096
13913,24.931,-84.096
13914,24.928,-84.096
14008,25.122,-80.07999999999998
14009,25.143,-80.07100000000003
14010,25.161,-80.05200000000002
14011,25.206,-80.04700000000003
14012,25.216,-80.05200000000002
14013,25.242,-80.03800000000001
14014,25.26,-80.02499999999998
14015,25.287,-80.019
14016,25.293,-80.02199999999999
14017,25.317,-80.01400000000001
14018,25.322,-80.029
14019,25.35,-79.98000000000002
14020,25.37,-80.00799999999998
14021,25.377,-80.00999999999999
14022,25.403,-80.00299999999999
14023,25.022,-80.50200000000001
14024,25.021,-80.50400000000002
14025,25.022,-80.50400000000002
14026,25.024,-80.50299999999999
14027,25.022,-80.50400000000002
14028,25.021,-80.50299999999999
14029,25.021,-80.50200000000001
14030,25.023,-80.50299999999999
14031,25.022,-80.50200000000001
14032,25.022,-80.50299999999999
14033,25.022,-80.50299999999999
14034,25.022,-80.50299999999999
14035,25.022,-80.50200000000001
14036,25.024,-80.50400000000002
14037,25.019,-80.50200000000001
14038,25.023,-80.50400000000002
14039,25.023,-80.5
14040,25.022,-80.50400000000002
14041,25.021,-80.5
14042,25.021,-80.50299999999999
14043,25.023,-80.50299999999999
14044,25.023,-80.50299999999999
14045,25.023,-80.50299999999999
14046,25.022,-80.50299999999999
14047,25.022,-80.50299999999999
14048,25.022,-80.50200000000001
14049,25.022,-80.50299999999999
14050,25.021,-80.50599999999997
14051,25.022,-80.50099999999998
14052,25.022,-80.50200000000001
14053,25.023,-80.505
14054,25.022,-80.50299999999999
14055,25.023,-80.50400000000002
14056,25.022,-80.50299999999999
14057,25.022,-80.50200000000001
14058,25.022,-80.50400000000002
14059,25.022,-80.50200000000001
14060,25.023,-80.50299999999999
14061,25.025,-80.50200000000001
14062,25.026,-80.50200000000001
14063,25.022,-80.50299999999999
14064,25.022,-80.50400000000002
14065,25.022,-80.50200000000001
14066,25.022,-80.50400000000002
14067,25.022,-80.50400000000002
14068,25.022,-80.50299999999999
14069,25.023,-80.50400000000002
14070,25.022,-80.50299999999999
14071,25.022,-80.50299999999999
14072,25.022,-80.50299999999999
14073,25.022,-80.50200000000001
14074,25.021,-80.507
14075,25.024,-80.50299999999999
14076,25.023,-80.50400000000002
14077,25.022,-80.50099999999998
14078,25.021,-80.50599999999997
14079,25.022,-80.50200000000001
14080,25.023,-80.50200000000001
14081,25.021,-80.507
14082,25.022,-80.50400000000002
14083,25.022,-80.50400000000002
14084,25.022,-80.50200000000001
14085,25.024,-80.50299999999999
14086,25.022,-80.50400000000002
14087,25.022,-80.50299999999999
14088,25.023,-80.50299999999999
14089,25.023,-80.50400000000002
14090,25.021,-80.505
14091,25.022,-80.50200000000001
14092,25.022,-80.50400000000002
14093,25.022,-80.50200000000001
14094,25.022,-80.50400000000002
14095,25.024,-80.50299999999999
14096,25.022,-80.50400000000002
14097,25.022,-80.50400000000002
14098,25.021,-80.50999999999999
14099,25.022,-80.50299999999999
14100,25.022,-80.50299999999999
14101,25.022,-80.50400000000002
14102,25.018,-80.52199999999999
14103,25.022,-80.50400000000002
14104,25.023,-80.505
14105,25.024,-80.507
14106,25.023,-80.50400000000002
14107,25.022,-80.50299999999999
14108,25.022,-80.50400000000002
14109,25.022,-80.50299999999999
14110,25.022,-80.50299999999999
14111,25.022,-80.505
14112,25.024,-80.50400000000002
14113,25.022,-80.50299999999999
14114,25.023,-80.50200000000001
14128,25.022,-80.50299999999999
14129,25.022,-80.50400000000002
14130,25.023,-80.50299999999999
14131,25.023,-80.50400000000002
14132,25.022,-80.50299999999999
14133,25.022,-80.50299999999999
14134,25.023,-80.50400000000002
14135,25.022,-80.50200000000001
14136,25.022,-80.50299999999999
14137,25.022,-80.50400000000002
14138,25.022,-80.50299999999999
14139,25.022,-80.50299999999999
14140,25.022,-80.50299999999999
14141,25.021,-80.505
14142,25.023,-80.505
14143,25.022,-80.50400000000002
14144,25.023,-80.50200000000001
14145,25.023,-80.50099999999998
14146,25.022,-80.50400000000002
14147,25.022,-80.50200000000001
14148,25.023,-80.50200000000001
14149,25.022,-80.50400000000002
14150,25.022,-80.50400000000002
14151,25.022,-80.50200000000001
14152,25.022,-80.50200000000001
14153,25.022,-80.50200000000001
14154,25.022,-80.50200000000001
14155,25.024,-80.50400000000002
14156,25.022,-80.50400000000002
14157,25.022,-80.50400000000002
14158,25.023,-80.50099999999998
14159,25.022,-80.50200000000001
14160,25.023,-80.505
14161,25.023,-80.505
14162,25.022,-80.50299999999999
14163,25.023,-80.50200000000001
14164,25.023,-80.50400000000002
14165,25.022,-80.50400000000002
14166,25.022,-80.50299999999999
14167,25.022,-80.50200000000001
14168,25.024,-80.50299999999999
14169,25.023,-80.49900000000002
14170,25.022,-80.50299999999999
14171,25.022,-80.50299999999999
14172,25.024,-80.50200000000001
14173,25.024,-80.50299999999999
14174,25.022,-80.50400000000002
14175,25.022,-80.50200000000001
14176,25.022,-80.50299999999999
14177,25.022,-80.50299999999999
14178,25.022,-80.50599999999997
14179,25.024,-80.50299999999999
14180,25.022,-80.50400000000002
14181,25.023,-80.50299999999999
14182,25.022,-80.50299999999999
14183,25.022,-80.50299999999999
14184,25.022,-80.50299999999999
14185,25.022,-80.50400000000002
14186,25.021,-80.50200000000001
14187,25.022,-80.50400000000002
14188,25.022,-80.50299999999999
14189,25.021,-80.50200000000001
14190,25.022,-80.50299999999999
14191,25.022,-80.50200000000001
14192,25.024,-80.50400000000002
14193,25.023,-80.50299999999999
14194,25.023,-80.505
14195,25.023,-80.50099999999998
14196,25.022,-80.50400000000002
14197,25.023,-80.50200000000001
14198,25.022,-80.50299999999999
14199,25.022,-80.50200000000001
14200,25.022,-80.505
14201,25.022,-80.50400000000002
14202,25.021,-80.50599999999997
14203,25.023,-80.5
14204,25.022,-80.50299999999999
14205,25.022,-80.50299999999999
14206,25.017,-80.50400000000002
14207,25.022,-80.50299999999999
14208,25.022,-80.50299999999999
14209,25.021,-80.507
14210,25.023,-80.50400000000002
14211,25.022,-80.50400000000002
14212,25.023,-80.5
14213,25.022,-80.50200000000001
14214,25.023,-80.50099999999998
14215,25.023,-80.50599999999997
14216,25.022,-80.505
14217,25.022,-80.50299999999999
14218,25.022,-80.50400000000002
14219,25.022,-80.505
14220,25.022,-80.50299999999999
14221,25.022,-80.50299999999999
14222,25.022,-80.50400000000002
14223,25.022,-80.50299999999999
14224,25.022,-80.50200000000001
14225,25.022,-80.50400000000002
14226,25.022,-80.50299999999999
14227,25.023,-80.50400000000002
14228,25.022,-80.50200000000001
14229,25.021,-80.50299999999999
14230,25.021,-80.50200000000001
14231,25.022,-80.50299999999999
14232,25.022,-80.50299999999999
14233,25.022,-80.50299999999999
14234,25.023,-80.50299999999999
14235,25.021,-80.50299999999999
14236,25.024,-80.50200000000001
14237,25.022,-80.50299999999999
14238,25.022,-80.50400000000002
14239,25.024,-80.50400000000002
14240,25.023,-80.50400000000002
14241,25.023,-80.50200000000001
14242,25.023,-80.50400000000002
14243,25.023,-80.50400000000002
14244,25.022,-80.50299999999999
14245,25.022,-80.50299999999999
14246,25.022,-80.50400000000002
14247,25.022,-80.50599999999997
14248,25.022,-80.505
14249,25.022,-80.505
14250,25.023,-80.505
14251,25.023,-80.50099999999998
14252,25.022,-80.50200000000001
14253,25.022,-80.50400000000002
14254,25.022,-80.50200000000001
14255,25.022,-80.50400000000002
14256,25.022,-80.50400000000002
14257,25.022,-80.50299999999999
14258,25.022,-80.50400000000002
14259,25.023,-80.505
14260,25.02,-80.507
14261,25.032,-80.51400000000001
14262,25.023,-80.50099999999998
14263,25.023,-80.50200000000001
14264,25.022,-80.505
14265,25.022,-80.505
14266,25.022,-80.505
14267,25.022,-80.50200000000001
14268,25.023,-80.50099999999998
14269,25.022,-80.50299999999999
14270,25.022,-80.505
14271,25.022,-80.50400000000002
14272,25.022,-80.50400000000002
14273,25.023,-80.50200000000001
14274,25.025,-80.50200000000001
14275,25.022,-80.50299999999999
14276,25.022,-80.50299999999999
14277,25.023,-80.50400000000002
14278,25.022,-80.50299999999999
14279,25.023,-80.50299999999999
14280,25.022,-80.50299999999999
14281,25.022,-80.50400000000002
14282,25.022,-80.50299999999999
14283,25.022,-80.50299999999999
14284,25.022,-80.50299999999999
14285,25.022,-80.50299999999999
14286,25.023,-80.50299999999999
14287,25.022,-80.50299999999999
14288,25.022,-80.50299999999999
14301,25.022,-80.50400000000002
14302,25.022,-80.50299999999999
14303,25.022,-80.50299999999999
14304,25.023,-80.50400000000002
14305,25.022,-80.505
14306,25.022,-80.50299999999999
14307,25.022,-80.50299999999999
14308,25.023,-80.50200000000001
14309,25.022,-80.50200000000001
14310,25.022,-80.50299999999999
14311,25.024,-80.50400000000002
14312,25.021,-80.505
14313,25.022,-80.505
14314,25.022,-80.50200000000001
14315,25.021,-80.507
14316,25.023,-80.50200000000001
14317,25.022,-80.50400000000002
14318,25.022,-80.50400000000002
14319,25.021,-80.50400000000002
14320,25.029,-80.50599999999997
14321,25.022,-80.50400000000002
14322,25.022,-80.50299999999999
14323,25.022,-80.50299999999999
14324,25.023,-80.50299999999999
14325,25.022,-80.50200000000001
14326,25.022,-80.50299999999999
14327,25.023,-80.50299999999999
14328,25.022,-80.505
14329,25.022,-80.505
14330,25.023,-80.50200000000001
14331,25.022,-80.50400000000002
14332,25.022,-80.50200000000001
14333,25.023,-80.50099999999998
14334,25.021,-80.50299999999999
14335,25.024,-80.50400000000002
14336,25.022,-80.50400000000002
14337,25.023,-80.49900000000002
14338,25.022,-80.50200000000001
14339,25.022,-80.50400000000002
14340,25.023,-80.50299999999999
14341,25.022,-80.50200000000001
14342,25.022,-80.50299999999999
14343,25.022,-80.50299999999999
14344,25.019,-80.50200000000001
14345,25.022,-80.50200000000001
14346,25.023,-80.50200000000001
14347,25.022,-80.50200000000001
14348,25.022,-80.505
14349,25.022,-80.50200000000001
14350,25.022,-80.50299999999999
14351,25.023,-80.50400000000002
14352,25.022,-80.50200000000001
14353,25.025,-80.5
14354,25.022,-80.50400000000002
14355,25.022,-80.50299999999999
14356,25.022,-80.50200000000001
14357,25.022,-80.50599999999997
14358,25.022,-80.50400000000002
14359,25.023,-80.50400000000002
14360,25.022,-80.50299999999999
14361,25.022,-80.50299999999999
14362,25.019,-80.50599999999997
14363,25.02,-80.50599999999997
14364,25.023,-80.505
14365,25.022,-80.50200000000001
14366,25.022,-80.50200000000001
14367,25.023,-80.50200000000001
14368,25.022,-80.50400000000002
14369,25.022,-80.50400000000002
14370,25.021,-80.50599999999997
14371,25.023,-80.50099999999998
14372,25.025,-80.50200000000001
14373,25.022,-80.50299999999999
14374,25.024,-80.50200000000001
14375,25.022,-80.50299999999999
14376,25.022,-80.50200000000001
14377,25.023,-80.50299999999999
14378,25.022,-80.50200000000001
14379,25.023,-80.505
14380,25.021,-80.50900000000001
14381,25.021,-80.50900000000001
14382,25.021,-80.50400000000002
14383,25.022,-80.50400000000002
14384,25.022,-80.50400000000002
14385,25.022,-80.50400000000002
14386,25.022,-80.50400000000002
14387,25.022,-80.50400000000002
14388,25.022,-80.50299999999999
14389,25.022,-80.50400000000002
14390,25.022,-80.50200000000001
14391,25.024,-80.50599999999997
14392,25.022,-80.50299999999999
14393,25.021,-80.50299999999999
14394,25.025,-80.50299999999999
14395,25.022,-80.50299999999999
14396,25.023,-80.50400000000002
14397,25.022,-80.50400000000002
14398,25.022,-80.50299999999999
14399,25.023,-80.50400000000002
14400,25.023,-80.50400000000002
14401,25.022,-80.50099999999998
14402,25.022,-80.50200000000001
14403,25.022,-80.50299999999999
14404,25.022,-80.50400000000002
14405,25.022,-80.50299999999999
14406,25.023,-80.50599999999997
14407,25.023,-80.50200000000001
14408,25.019,-80.50099999999998
14409,25.024,-80.50299999999999
14410,25.022,-80.50599999999997
14411,25.022,-80.505
14412,25.022,-80.50099999999998
14413,25.022,-80.50400000000002
14414,25.022,-80.50200000000001
14415,25.022,-80.50200000000001
14416,25.022,-80.49900000000002
14417,25.022,-80.50400000000002
14418,25.022,-80.50200000000001
14419,25.022,-80.50299999999999
14420,25.022,-80.50200000000001
14421,25.023,-80.50200000000001
14434,25.022,-80.50299999999999
14435,25.022,-80.50299999999999
14436,25.022,-80.50400000000002
14437,25.021,-80.50599999999997
14438,25.02,-80.50599999999997
14439,25.021,-80.50599999999997
14440,25.022,-80.50200000000001
14441,25.022,-80.50200000000001
14442,25.022,-80.50400000000002
14443,25.023,-80.50200000000001
14444,25.022,-80.50400000000002
14445,25.023,-80.50200000000001
14446,25.022,-80.50299999999999
14447,25.022,-80.50400000000002
14448,25.023,-80.50299999999999
14449,25.023,-80.50299999999999
14450,25.023,-80.50400000000002
14451,25.022,-80.50299999999999
14452,25.023,-80.50400000000002
14453,25.022,-80.50400000000002
14454,25.022,-80.50400000000002
14455,25.023,-80.50400000000002
14456,25.022,-80.50299999999999
14457,25.022,-80.50400000000002
14458,25.023,-80.505
14459,25.023,-80.50400000000002
14460,25.022,-80.50099999999998
14461,25.022,-80.50099999999998
14462,25.022,-80.50200000000001
14463,25.024,-80.50099999999998
14464,25.022,-80.50400000000002
14465,25.022,-80.50200000000001
14466,25.022,-80.50400000000002
14467,25.022,-80.50299999999999
14468,25.022,-80.50299999999999
14469,25.022,-80.50200000000001
14470,25.023,-80.50400000000002
14471,25.022,-80.50200000000001
14472,25.021,-80.50599999999997
14473,25.023,-80.50999999999999
14474,25.022,-80.50099999999998
14475,25.022,-80.505
14476,25.023,-80.50400000000002
14477,25.022,-80.50400000000002
14478,25.022,-80.50400000000002
14479,25.022,-80.50200000000001
14480,25.023,-80.50400000000002
14481,25.022,-80.50400000000002
14482,25.023,-80.50299999999999
14483,25.022,-80.50200000000001
14484,25.022,-80.50200000000001
14485,25.022,-80.50400000000002
14486,25.023,-80.50299999999999
14487,25.022,-80.50200000000001
14488,25.022,-80.50299999999999
14489,25.023,-80.50400000000002
14490,25.022,-80.505
14491,25.023,-80.505
14492,25.022,-80.505
14493,25.022,-80.50200000000001
14494,25.022,-80.50299999999999
14495,25.022,-80.50299999999999
14496,25.021,-80.50200000000001
14497,25.022,-80.50200000000001
14498,25.022,-80.50299999999999
14499,25.022,-80.50299999999999
14500,25.022,-80.50299999999999
14501,25.022,-80.50299999999999
14502,25.022,-80.50299999999999
14503,25.022,-80.50299999999999
14504,25.022,-80.50299999999999
14505,25.022,-80.50299999999999
14506,25.022,-80.50200000000001
14507,25.022,-80.50299999999999
14508,25.023,-80.50400000000002
14509,25.023,-80.50299999999999
14510,25.021,-80.50299999999999
14511,25.022,-80.50400000000002
14512,25.022,-80.50400000000002
14513,25.022,-80.50400000000002
14514,25.022,-80.50400000000002
14515,25.024,-80.50400000000002
14516,25.023,-80.50599999999997
14517,25.023,-80.50200000000001
14518,25.025,-80.50400000000002
14519,25.024,-80.50599999999997
14520,25.022,-80.50200000000001
14521,25.022,-80.50099999999998
14522,25.022,-80.50200000000001
14523,25.02,-80.50299999999999
14524,25.022,-80.50200000000001
14525,25.023,-80.505
14526,25.022,-80.50299999999999
14527,25.023,-80.505
14528,25.022,-80.5
14529,25.021,-80.50299999999999
14530,25.022,-80.50599999999997
14531,25.025,-80.50200000000001
14532,25.026,-80.5
14533,25.023,-80.5
14534,25.022,-80.505
14535,25.022,-80.505
14536,25.022,-80.50400000000002
14537,25.022,-80.50200000000001
14538,25.024,-80.50299999999999
14539,25.023,-80.50400000000002
14540,25.023,-80.50200000000001
14553,25.022,-80.50900000000001
14554,25.022,-80.507
14555,25.022,-80.50200000000001
14556,25.021,-80.505
14557,25.022,-80.50400000000002
14558,25.022,-80.50299999999999
14559,25.021,-80.50599999999997
14560,25.023,-80.505
14561,25.022,-80.50400000000002
14562,25.024,-80.50299999999999
14563,25.023,-80.50200000000001
14564,25.022,-80.50299999999999
14565,25.023,-80.50400000000002
14566,25.022,-80.50400000000002
14567,25.022,-80.50400000000002
14568,25.022,-80.50299999999999
14569,25.022,-80.50400000000002
14570,25.022,-80.50299999999999
14571,25.022,-80.50299999999999
14572,25.023,-80.50400000000002
14573,25.022,-80.50299999999999
14574,25.022,-80.50299999999999
14575,25.022,-80.50299999999999
14576,25.022,-80.50400000000002
14577,25.022,-80.50400000000002
14578,25.023,-80.50400000000002
14579,25.023,-80.50400000000002
14580,25.022,-80.50400000000002
14581,25.021,-80.505
14582,25.021,-80.505
14583,25.022,-80.50200000000001
14584,25.022,-80.50200000000001
14585,25.022,-80.50299999999999
14586,25.022,-80.50200000000001
14587,25.022,-80.50400000000002
14588,25.022,-80.50299999999999
14589,25.022,-80.50299999999999
14590,25.023,-80.50400000000002
14591,25.022,-80.50400000000002
14592,25.022,-80.50299999999999
14593,25.022,-80.505
14594,25.021,-80.49900000000002
14595,25.023,-80.50200000000001
14596,25.022,-80.50200000000001
14597,25.022,-80.50400000000002
14598,25.022,-80.50400000000002
14599,25.021,-80.505
14600,25.022,-80.50299999999999
14601,25.021,-80.50299999999999
14602,25.022,-80.50200000000001
14603,25.022,-80.50200000000001
14604,25.022,-80.50299999999999
14605,25.022,-80.50299999999999
14606,25.022,-80.50400000000002
14607,25.023,-80.50400000000002
14608,25.022,-80.50299999999999
14609,25.022,-80.50200000000001
14610,25.023,-80.50400000000002
14611,25.022,-80.50400000000002
14612,25.021,-80.505
14613,25.021,-80.505
14614,25.022,-80.50599999999997
14615,25.022,-80.50200000000001
14616,25.022,-80.505
14617,25.022,-80.50400000000002
14618,25.022,-80.50299999999999
14619,25.022,-80.50400000000002
14620,25.022,-80.50400000000002
14621,25.023,-80.50299999999999
14622,25.022,-80.50299999999999
14623,25.022,-80.50299999999999
14624,25.023,-80.50299999999999
14625,25.022,-80.50400000000002
14626,25.022,-80.50400000000002
14627,25.022,-80.50299999999999
14628,25.022,-80.50200000000001
14629,25.023,-80.50299999999999
14630,25.024,-80.50299999999999
14631,25.022,-80.50400000000002
14632,25.022,-80.50400000000002
14633,25.022,-80.50400000000002
14634,25.023,-80.50299999999999
14635,25.023,-80.505
14636,25.022,-80.505
14637,25.022,-80.50200000000001
14638,25.022,-80.50200000000001
14639,25.022,-80.50299999999999
14640,25.024,-80.50200000000001
14641,25.023,-80.50400000000002
14642,25.021,-80.50400000000002
14643,25.022,-80.50299999999999
14644,25.022,-80.50299999999999
14645,25.022,-80.50400000000002
14646,25.022,-80.50299999999999
14647,25.023,-80.50299999999999
14648,25.022,-80.50299999999999
14649,25.02,-80.505
14650,25.021,-80.505
14651,25.022,-80.50400000000002
14652,25.022,-80.50099999999998
14653,25.021,-80.5
14654,25.022,-80.50200000000001
14655,25.022,-80.50299999999999
14656,25.022,-80.50400000000002
14657,25.022,-80.50299999999999
14658,25.022,-80.505
14659,25.022,-80.50200000000001
14660,25.023,-80.50299999999999
14661,25.022,-80.50299999999999
14674,25.022,-80.50400000000002
14675,25.023,-80.50599999999997
14676,25.022,-80.50299999999999
14677,25.023,-80.50400000000002
14678,25.022,-80.50299999999999
14679,25.019,-80.50400000000002
14680,25.017,-80.50400000000002
14681,25.023,-80.50599999999997
14682,25.023,-80.5
14683,25.023,-80.50099999999998
14684,25.022,-80.50299999999999
14685,25.021,-80.50400000000002
14686,25.021,-80.50400000000002
14687,25.022,-80.50299999999999
14688,25.02,-80.50299999999999
14689,25.022,-80.50299999999999
14690,25.02,-80.5
14691,25.022,-80.50299999999999
14692,25.023,-80.505
14693,25.022,-80.50200000000001
14694,25.022,-80.50299999999999
14695,25.022,-80.505
14696,25.022,-80.50200000000001
14697,25.022,-80.50200000000001
14698,25.022,-80.50200000000001
14699,25.022,-80.50299999999999
14700,25.022,-80.50400000000002
14701,25.022,-80.50299999999999
14702,25.022,-80.50299999999999
14703,25.021,-80.50400000000002
14704,25.021,-80.505
14705,25.021,-80.50400000000002
14706,25.022,-80.50200000000001
14707,25.021,-80.505
14708,25.022,-80.50200000000001
14709,25.021,-80.50400000000002
14710,25.023,-80.50299999999999
14711,25.023,-80.50400000000002
14712,25.022,-80.50299999999999
14713,25.022,-80.50200000000001
14714,25.022,-80.50299999999999
14715,25.022,-80.50200000000001
14716,25.019,-80.50599999999997
14717,25.021,-80.50799999999998
14718,25.022,-80.50400000000002
14719,25.022,-80.50200000000001
14720,25.023,-80.50200000000001
14721,25.024,-80.50400000000002
14722,25.022,-80.50400000000002
14723,25.022,-80.50400000000002
14724,25.022,-80.50200000000001
14725,25.022,-80.50400000000002
14726,25.022,-80.505
14727,25.021,-80.50299999999999
14728,25.022,-80.50400000000002
14729,25.023,-80.50400000000002
14730,25.022,-80.50200000000001
14731,25.022,-80.50200000000001
14732,25.022,-80.50299999999999
14733,25.022,-80.50299999999999
14734,25.023,-80.50299999999999
14735,25.025,-80.50599999999997
14736,25.024,-80.50099999999998
14737,25.022,-80.50299999999999
14738,25.022,-80.505
14739,25.021,-80.50400000000002
14740,25.022,-80.50599999999997
14741,25.022,-80.50200000000001
14742,25.02,-80.50099999999998
14743,25.022,-80.50099999999998
14744,25.021,-80.50799999999998
14745,25.022,-80.50299999999999
14746,25.022,-80.50400000000002
14747,25.022,-80.50299999999999
14748,25.022,-80.50400000000002
14749,25.022,-80.505
14750,25.022,-80.50400000000002
14751,25.022,-80.50299999999999
14752,25.022,-80.50299999999999
14753,25.022,-80.50299999999999
14754,25.023,-80.50299999999999
14755,25.023,-80.50400000000002
14756,25.023,-80.50400000000002
14757,25.023,-80.5
14758,25.021,-80.50400000000002
14759,25.022,-80.50400000000002
14760,25.023,-80.50299999999999
14761,25.022,-80.50299999999999
14762,25.023,-80.50400000000002
14763,25.022,-80.50299999999999
14764,25.022,-80.50299999999999
14765,25.022,-80.50299999999999
14766,25.024,-80.50400000000002
14767,25.022,-80.50299999999999
14768,25.023,-80.505
14769,25.021,-80.505
14770,25.022,-80.50200000000001
14771,25.022,-80.50299999999999
14772,25.022,-80.50400000000002
14773,25.022,-80.50400000000002
14774,25.022,-80.50299999999999
14775,25.022,-80.50299999999999
14776,25.022,-80.50400000000002
14777,25.023,-80.50299999999999
14778,25.022,-80.50200000000001
14779,25.023,-80.50299999999999
14780,25.023,-80.50299999999999
14781,25.022,-80.50200000000001
14782,25.022,-80.50299999999999
14783,25.022,-80.50299999999999
14784,25.022,-80.50299999999999
14785,25.023,-80.505
14786,25.023,-80.50400000000002
14787,25.022,-80.50299999999999
14788,25.022,-80.50200000000001
14789,25.021,-80.50599999999997
14790,25.023,-80.50799999999998
14791,25.022,-80.50400000000002
14792,25.022,-80.50200000000001
14793,25.021,-80.50299999999999
14794,25.023,-80.49900000000002
14795,25.022,-80.50200000000001
14796,25.022,-80.50400000000002
14797,25.022,-80.50299999999999
14798,25.022,-80.50099999999998
14799,25.021,-80.505
14800,25.022,-80.50400000000002
14801,25.024,-80.50299999999999
14802,25.023,-80.50200000000001
14803,25.022,-80.50400000000002
14804,25.022,-80.50400000000002
14805,25.022,-80.50299999999999
14806,25.022,-80.50400000000002
14807,25.022,-80.50400000000002
14808,25.022,-80.50400000000002
14809,25.022,-80.50200000000001
14810,25.022,-80.50200000000001
14811,25.022,-80.50200000000001
14812,25.022,-80.50299999999999
14813,25.022,-80.50200000000001
14814,25.022,-80.50400000000002
14815,25.022,-80.50200000000001
14816,25.022,-80.50299999999999
14817,25.022,-80.50299999999999
